;STN De Bilt 260;YYYYMMDD;TX;;;
1;260;20170101;19;42.14285714;Avg Week 1;42.14285714
;260;20170102;68;;Avg Week 2;66.85714286
;260;20170103;71;;Avg Week 3;26.57142857
;260;20170104;73;;Avg Week 4;33.28571429
;260;20170105;33;;Avg Week 5;81.42857143
;260;20170106;-3;;Avg Week 6;25.42857143
;260;20170107;34;;Avg Week 7;103.625
2;260;20170108;61;66.85714286;Avg Week 8;
;260;20170109;59;;Avg Week 9;
;260;20170110;66;;Avg Week 10;
;260;20170111;104;;Avg Week 11;
;260;20170112;74;;Avg Week 12;
;260;20170113;56;;Avg Week 13;
;260;20170114;48;;Avg Week 14;
3;260;20170115;48;26.57142857;Avg Week 15;
;260;20170116;12;;Avg Week 16;
;260;20170117;13;;Avg Week 17;
;260;20170118;-19;;Avg Week 18;
;260;20170119;31;;Avg Week 19;
;260;20170120;51;;Avg Week 20;
;260;20170121;50;;Avg Week 21;
4;260;20170122;37;33.28571429;Avg Week 22;
;260;20170123;31;;Avg Week 23;
;260;20170124;21;;Avg Week 24;
;260;20170125;6;;Avg Week 25;
;260;20170126;6;;Avg Week 26;
;260;20170127;51;;Avg Week 27;
;260;20170128;81;;Avg Week 28;
5;260;20170129;65;81.42857143;Avg Week 29;
;260;20170130;72;;Avg Week 30;
;260;20170131;61;;Avg Week 31;
;260;20170201;54;;Avg Week 32;
;260;20170202;125;;Avg Week 33;
;260;20170203;119;;Avg Week 34;
;260;20170204;74;;Avg Week 35;
2;260;20170205;77;25.42857143;Avg Week 36;
;260;20170206;66;;Avg Week 37;
;260;20170207;39;;Avg Week 38;
;260;20170208;9;;Avg Week 39;
;260;20170209;-10;;Avg Week 40;
;260;20170210;-13;;Avg Week 41;
;260;20170211;10;;Avg Week 42;
3;260;20170212;25;87.57142857;Avg Week 43;
;260;20170213;71;;Avg Week 44;
;260;20170214;94;;Avg Week 45;
;260;20170215;135;;Avg Week 46;
;260;20170216;99;;Avg Week 47;
;260;20170217;86;;Avg Week 48;
;260;20170218;103;;Avg Week 49;
4;260;20170219;92;100.1428571;Avg Week 50;
;260;20170220;109;;Avg Week 51;
;260;20170221;111;;Avg Week 52;
;260;20170222;108;;Avg Week 53;
;260;20170223;105;;Avg Week 54;
;260;20170224;87;;Avg Week 55;
;260;20170225;89;;Avg Week 56;
5;260;20170226;106;96.14285714;Avg Week 57;
;260;20170227;106;;Avg Week 58;
;260;20170228;65;;Avg Week 59;
;260;20170301;94;;Avg Week 60;
;260;20170302;82;;Avg Week 61;
;260;20170303;88;;Avg Week 62;
;260;20170304;132;;Avg Week 63;
;260;20170305;106;110.1428571;Avg Week 64;
;260;20170306;95;;Avg Week 65;
;260;20170307;94;;Avg Week 66;
;260;20170308;106;;Avg Week 67;
;260;20170309;128;;Avg Week 68;
;260;20170310;112;;Avg Week 69;
;260;20170311;130;;Avg Week 70;
;260;20170312;148;138.7142857;Avg Week 71;
;260;20170313;137;;Avg Week 72;
;260;20170314;149;;Avg Week 73;
;260;20170315;139;;Avg Week 74;
;260;20170316;168;;Avg Week 75;
;260;20170317;103;;Avg Week 76;
;260;20170318;127;;Avg Week 77;
;260;20170319;127;127;Avg Week 78;
;260;20170320;115;;Avg Week 79;
;260;20170321;98;;Avg Week 80;
;260;20170322;124;;Avg Week 81;
;260;20170323;140;;Avg Week 82;
;260;20170324;142;;Avg Week 83;
;260;20170325;143;;Avg Week 84;
;260;20170326;130;175;Avg Week 85;
;260;20170327;174;;Avg Week 86;
;260;20170328;197;;Avg Week 87;
;260;20170329;147;;Avg Week 88;
;260;20170330;218;;Avg Week 89;
;260;20170331;218;;Avg Week 90;
;260;20170401;141;;Avg Week 91;
;260;20170402;169;145.1428571;Avg Week 92;
;260;20170403;143;;Avg Week 93;
;260;20170404;165;;Avg Week 94;
;260;20170405;128;;Avg Week 95;
;260;20170406;118;;Avg Week 96;
;260;20170407;138;;Avg Week 97;
;260;20170408;155;;Avg Week 98;
;260;20170409;210;143.7142857;Avg Week 99;
;260;20170410;155;;Avg Week 100;
;260;20170411;138;;Avg Week 101;
;260;20170412;119;;Avg Week 102;
;260;20170413;133;;Avg Week 103;
;260;20170414;130;;Avg Week 104;
;260;20170415;121;;Avg Week 105;
;260;20170416;108;114.5714286;Avg Week 106;
;260;20170417;109;;Avg Week 107;
;260;20170418;111;;Avg Week 108;
;260;20170419;83;;Avg Week 109;
;260;20170420;129;;Avg Week 110;
;260;20170421;149;;Avg Week 111;
;260;20170422;113;;Avg Week 112;
;260;20170423;114;116.1428571;Avg Week 113;
;260;20170424;130;;Avg Week 114;
;260;20170425;99;;Avg Week 115;
;260;20170426;104;;Avg Week 116;
;260;20170427;109;;Avg Week 117;
;260;20170428;117;;Avg Week 118;
;260;20170429;140;;Avg Week 119;
;260;20170430;184;151;Avg Week 120;
;260;20170501;137;;Avg Week 121;
;260;20170502;152;;Avg Week 122;
;260;20170503;152;;Avg Week 123;
;260;20170504;133;;Avg Week 124;
;260;20170505;111;;Avg Week 125;
;260;20170506;188;;Avg Week 126;
;260;20170507;162;177.4285714;Avg Week 127;
;260;20170508;153;;Avg Week 128;
;260;20170509;138;;Avg Week 129;
;260;20170510;159;;Avg Week 130;
;260;20170511;228;;Avg Week 131;
;260;20170512;212;;Avg Week 132;
;260;20170513;190;;Avg Week 133;
;260;20170514;199;215.4285714;Avg Week 134;
;260;20170515;212;;Avg Week 135;
;260;20170516;262;;Avg Week 136;
;260;20170517;284;;Avg Week 137;
;260;20170518;211;;Avg Week 138;
;260;20170519;167;;Avg Week 139;
;260;20170520;173;;Avg Week 140;
;260;20170521;202;242.2857143;Avg Week 141;
;260;20170522;246;;Avg Week 142;
;260;20170523;210;;Avg Week 143;
;260;20170524;223;;Avg Week 144;
;260;20170525;230;;Avg Week 145;
;260;20170526;266;;Avg Week 146;
;260;20170527;319;;Avg Week 147;
;260;20170528;266;246.1428571;Avg Week 148;
;260;20170529;286;;Avg Week 149;
;260;20170530;212;;Avg Week 150;
;260;20170531;222;;Avg Week 151;
;260;20170601;234;;Avg Week 152;
;260;20170602;266;;Avg Week 153;
;260;20170603;237;;Avg Week 154;
;260;20170604;195;205.5714286;Avg Week 155;
;260;20170605;229;;Avg Week 156;
;260;20170606;174;;Avg Week 157;
;260;20170607;174;;Avg Week 158;
;260;20170608;232;;Avg Week 159;
;260;20170609;196;;Avg Week 160;
;260;20170610;239;;Avg Week 161;
;260;20170611;271;225.2857143;Avg Week 162;
;260;20170612;178;;Avg Week 163;
;260;20170613;208;;Avg Week 164;
;260;20170614;244;;Avg Week 165;
;260;20170615;264;;Avg Week 166;
;260;20170616;180;;Avg Week 167;
;260;20170617;232;;Avg Week 168;
;260;20170618;278;267.2857143;Avg Week 169;
;260;20170619;309;;Avg Week 170;
;260;20170620;274;;Avg Week 171;
;260;20170621;291;;Avg Week 172;
;260;20170622;308;;Avg Week 173;
;260;20170623;232;;Avg Week 174;
;260;20170624;179;;Avg Week 175;
;260;20170625;190;209.7142857;Avg Week 176;
;260;20170626;206;;Avg Week 177;
;260;20170627;218;;Avg Week 178;
;260;20170628;219;;Avg Week 179;
;260;20170629;217;;Avg Week 180;
;260;20170630;208;;Avg Week 181;
;260;20170701;210;;Avg Week 182;
;260;20170702;196;238;Avg Week 183;
;260;20170703;220;;Avg Week 184;
;260;20170704;232;;Avg Week 185;
;260;20170705;248;;Avg Week 186;
;260;20170706;265;;Avg Week 187;
;260;20170707;260;;Avg Week 188;
;260;20170708;245;;Avg Week 189;
;260;20170709;232;212.2857143;Avg Week 190;
;260;20170710;259;;Avg Week 191;
;260;20170711;207;;Avg Week 192;
;260;20170712;182;;Avg Week 193;
;260;20170713;205;;Avg Week 194;
;260;20170714;186;;Avg Week 195;
;260;20170715;215;;Avg Week 196;
;260;20170716;221;244.1428571;Avg Week 197;
;260;20170717;231;;Avg Week 198;
;260;20170718;252;;Avg Week 199;
;260;20170719;294;;Avg Week 200;
;260;20170720;242;;Avg Week 201;
;260;20170721;227;;Avg Week 202;
;260;20170722;242;;Avg Week 203;
;260;20170723;191;208.2857143;Avg Week 204;
;260;20170724;202;;Avg Week 205;
;260;20170725;200;;Avg Week 206;
;260;20170726;236;;Avg Week 207;
;260;20170727;214;;Avg Week 208;
;260;20170728;210;;;
;260;20170729;205;;;
;260;20170730;229;221.5714286;;
;260;20170731;228;;;
;260;20170801;227;;;
;260;20170802;220;;;
;260;20170803;225;;;
;260;20170804;218;;;
;260;20170805;204;;;
;260;20170806;217;210.8571429;;
;260;20170807;226;;;
;260;20170808;196;;;
;260;20170809;213;;;
;260;20170810;205;;;
;260;20170811;203;;;
;260;20170812;216;;;
;260;20170813;215;214.7142857;;
;260;20170814;241;;;
;260;20170815;218;;;
;260;20170816;233;;;
;260;20170817;199;;;
;260;20170818;201;;;
;260;20170819;196;;;
;260;20170820;198;228.1428571;;
;260;20170821;208;;;
;260;20170822;235;;;
;260;20170823;250;;;
;260;20170824;222;;;
;260;20170825;234;;;
;260;20170826;250;;;
;260;20170827;247;230.5714286;;
;260;20170828;268;;;
;260;20170829;290;;;
;260;20170830;225;;;
;260;20170831;197;;;
;260;20170901;193;;;
;260;20170902;194;;;
;260;20170903;200;190.8571429;;
;260;20170904;216;;;
;260;20170905;217;;;
;260;20170906;183;;;
;260;20170907;185;;;
;260;20170908;158;;;
;260;20170909;177;;;
;260;20170910;177;163.8571429;;
;260;20170911;174;;;
;260;20170912;183;;;
;260;20170913;176;;;
;260;20170914;144;;;
;260;20170915;164;;;
;260;20170916;129;;;
;260;20170917;172;177.7142857;;
;260;20170918;162;;;
;260;20170919;174;;;
;260;20170920;175;;;
;260;20170921;186;;;
;260;20170922;192;;;
;260;20170923;183;;;
;260;20170924;204;192.7142857;;
;260;20170925;181;;;
;260;20170926;172;;;
;260;20170927;202;;;
;260;20170928;206;;;
;260;20170929;227;;;
;260;20170930;157;;;
;260;20171001;174;160.2857143;;
;260;20171002;179;;;
;260;20171003;164;;;
;260;20171004;152;;;
;260;20171005;160;;;
;260;20171006;150;;;
;260;20171007;143;;;
;260;20171008;147;163.1428571;;
;260;20171009;134;;;
;260;20171010;158;;;
;260;20171011;161;;;
;260;20171012;161;;;
;260;20171013;182;;;
;260;20171014;199;;;
;260;20171015;221;194.7142857;;
;260;20171016;244;;;
;260;20171017;166;;;
;260;20171018;186;;;
;260;20171019;204;;;
;260;20171020;167;;;
;260;20171021;175;;;
;260;20171022;132;156.8571429;;
;260;20171023;152;;;
;260;20171024;171;;;
;260;20171025;171;;;
;260;20171026;175;;;
;260;20171027;144;;;
;260;20171028;153;;;
;260;20171029;152;130.7142857;;
;260;20171030;121;;;
;260;20171031;112;;;
;260;20171101;135;;;
;260;20171102;140;;;
;260;20171103;124;;;
;260;20171104;131;;;
;260;20171105;109;102.1428571;;
;260;20171106;109;;;
;260;20171107;98;;;
;260;20171108;76;;;
;260;20171109;111;;;
;260;20171110;118;;;
;260;20171111;94;;;
;260;20171112;64;96.28571429;;
;260;20171113;103;;;
;260;20171114;92;;;
;260;20171115;102;;;
;260;20171116;107;;;
;260;20171117;110;;;
;260;20171118;96;;;
;260;20171119;99;112;;
;260;20171120;118;;;
;260;20171121;124;;;
;260;20171122;133;;;
;260;20171123;144;;;
;260;20171124;92;;;
;260;20171125;74;;;
;260;20171126;80;53.14285714;;
;260;20171127;91;;;
;260;20171128;78;;;
;260;20171129;40;;;
;260;20171130;46;;;
;260;20171201;31;;;
;260;20171202;6;;;
;260;20171203;66;74.14285714;;
;260;20171204;91;;;
;260;20171205;91;;;
;260;20171206;92;;;
;260;20171207;72;;;
;260;20171208;61;;;
;260;20171209;46;;;
;260;20171210;41;45.85714286;;
;260;20171211;16;;;
;260;20171212;41;;;
;260;20171213;64;;;
;260;20171214;54;;;
;260;20171215;43;;;
;260;20171216;62;;;
;260;20171217;63;84;;
;260;20171218;80;;;
;260;20171219;75;;;
;260;20171220;87;;;
;260;20171221;93;;;
;260;20171222;96;;;
;260;20171223;94;;;
;260;20171224;96;81.28571429;;
;260;20171225;91;;;
;260;20171226;74;;;
;260;20171227;66;;;
;260;20171228;53;;;
;260;20171229;67;;;
;260;20171230;122;;;
;260;20171231;137;98.28571429;;
;260;20180101;88;;;
;260;20180102;91;;;
;260;20180103;112;;;
;260;20180104;107;;;
;260;20180105;87;;;
;260;20180106;66;;;
;260;20180107;31;57.71428571;;
;260;20180108;39;;;
;260;20180109;61;;;
;260;20180110;76;;;
;260;20180111;76;;;
;260;20180112;59;;;
;260;20180113;62;;;
;260;20180114;52;66.85714286;;
;260;20180115;80;;;
;260;20180116;69;;;
;260;20180117;60;;;
;260;20180118;102;;;
;260;20180119;69;;;
;260;20180120;36;;;
;260;20180121;69;94.14285714;;
;260;20180122;84;;;
;260;20180123;112;;;
;260;20180124;144;;;
;260;20180125;92;;;
;260;20180126;86;;;
;260;20180127;72;;;
;260;20180128;108;79.85714286;;
;260;20180129;107;;;
;260;20180130;74;;;
;260;20180131;95;;;
;260;20180201;61;;;
;260;20180202;68;;;
;260;20180203;46;;;
;260;20180204;36;35.42857143;;
;260;20180205;34;;;
;260;20180206;20;;;
;260;20180207;19;;;
;260;20180208;47;;;
;260;20180209;22;;;
;260;20180210;70;;;
;260;20180211;73;73.71428571;;
;260;20180212;63;;;
;260;20180213;63;;;
;260;20180214;55;;;
;260;20180215;99;;;
;260;20180216;87;;;
;260;20180217;76;;;
;260;20180218;73;45.42857143;;
;260;20180219;34;;;
;260;20180220;46;;;
;260;20180221;47;;;
;260;20180222;50;;;
;260;20180223;35;;;
;260;20180224;33;;;
;260;20180225;11;-4.714285714;;
;260;20180226;0;;;
;260;20180227;2;;;
;260;20180228;-46;;;
;260;20180301;-7;;;
;260;20180302;-5;;;
;260;20180303;12;;;
;260;20180304;113;108.5714286;;
;260;20180305;120;;;
;260;20180306;101;;;
;260;20180307;95;;;
;260;20180308;83;;;
;260;20180309;97;;;
;260;20180310;151;;;
;260;20180311;139;93;;
;260;20180312;143;;;
;260;20180313;89;;;
;260;20180314;111;;;
;260;20180315;107;;;
;260;20180316;62;;;
;260;20180317;0;;;
;260;20180318;12;73.57142857;;
;260;20180319;47;;;
;260;20180320;79;;;
;260;20180321;80;;;
;260;20180322;99;;;
;260;20180323;73;;;
;260;20180324;125;;;
;260;20180325;123;111;;
;260;20180326;112;;;
;260;20180327;98;;;
;260;20180328;78;;;
;260;20180329;107;;;
;260;20180330;135;;;
;260;20180331;124;;;
;260;20180401;77;139.5714286;;
;260;20180402;121;;;
;260;20180403;170;;;
;260;20180404;147;;;
;260;20180405;99;;;
;260;20180406;147;;;
;260;20180407;216;;;
;260;20180408;234;176.4285714;;
;260;20180409;175;;;
;260;20180410;200;;;
;260;20180411;175;;;
;260;20180412;146;;;
;260;20180413;144;;;
;260;20180414;161;;;
;260;20180415;172;218.7142857;;
;260;20180416;161;;;
;260;20180417;203;;;
;260;20180418;235;;;
;260;20180419;274;;;
;260;20180420;265;;;
;260;20180421;221;;;
;260;20180422;266;166.4285714;;
;260;20180423;166;;;
;260;20180424;155;;;
;260;20180425;145;;;
;260;20180426;137;;;
;260;20180427;151;;;
;260;20180428;145;;;
;260;20180429;122;158.8571429;;
;260;20180430;132;;;
;260;20180501;128;;;
;260;20180502;169;;;
;260;20180503;156;;;
;260;20180504;185;;;
;260;20180505;220;;;
;260;20180506;258;231.1428571;;
;260;20180507;253;;;
;260;20180508;266;;;
;260;20180509;254;;;
;260;20180510;167;;;
;260;20180511;187;;;
;260;20180512;233;;;
;260;20180513;163;187.7142857;;
;260;20180514;258;;;
;260;20180515;246;;;
;260;20180516;207;;;
;260;20180517;153;;;
;260;20180518;146;;;
;260;20180519;141;;;
;260;20180520;242;253;;
;260;20180521;257;;;
;260;20180522;243;;;
;260;20180523;252;;;
;260;20180524;226;;;
;260;20180525;261;;;
;260;20180526;290;;;
;260;20180527;262;258.2857143;;
;260;20180528;297;;;
;260;20180529;307;;;
;260;20180530;265;;;
;260;20180531;240;;;
;260;20180601;234;;;
;260;20180602;203;;;
;260;20180603;235;240.1428571;;
;260;20180604;232;;;
;260;20180605;208;;;
;260;20180606;276;;;
;260;20180607;286;;;
;260;20180608;199;;;
;260;20180609;245;;;
;260;20180610;228;209.4285714;;
;260;20180611;224;;;
;260;20180612;167;;;
;260;20180613;194;;;
;260;20180614;198;;;
;260;20180615;242;;;
;260;20180616;213;;;
;260;20180617;182;196.4285714;;
;260;20180618;192;;;
;260;20180619;204;;;
;260;20180620;252;;;
;260;20180621;177;;;
;260;20180622;168;;;
;260;20180623;200;;;
;260;20180624;177;237.2857143;;
;260;20180625;214;;;
;260;20180626;215;;;
;260;20180627;245;;;
;260;20180628;270;;;
;260;20180629;261;;;
;260;20180630;279;;;
;260;20180701;265;255.7142857;;
;260;20180702;269;;;
;260;20180703;260;;;
;260;20180704;252;;;
;260;20180705;243;;;
;260;20180706;252;;;
;260;20180707;249;;;
;260;20180708;244;236.1428571;;
;260;20180709;227;;;
;260;20180710;217;;;
;260;20180711;227;;;
;260;20180712;246;;;
;260;20180713;243;;;
;260;20180714;249;;;
;260;20180715;287;268;;
;260;20180716;297;;;
;260;20180717;260;;;
;260;20180718;253;;;
;260;20180719;259;;;
;260;20180720;252;;;
;260;20180721;268;;;
;260;20180722;272;306.1428571;;
;260;20180723;297;;;
;260;20180724;319;;;
;260;20180725;302;;;
;260;20180726;357;;;
;260;20180727;354;;;
;260;20180728;242;;;
;260;20180729;267;286;;
;260;20180730;306;;;
;260;20180731;266;;;
;260;20180801;276;;;
;260;20180802;297;;;
;260;20180803;307;;;
;260;20180804;283;;;
;260;20180805;255;255.5714286;;
;260;20180806;313;;;
;260;20180807;339;;;
;260;20180808;232;;;
;260;20180809;230;;;
;260;20180810;211;;;
;260;20180811;209;;;
;260;20180812;271;233.1428571;;
;260;20180813;226;;;
;260;20180814;224;;;
;260;20180815;226;;;
;260;20180816;236;;;
;260;20180817;232;;;
;260;20180818;217;;;
;260;20180819;227;222.4285714;;
;260;20180820;231;;;
;260;20180821;258;;;
;260;20180822;253;;;
;260;20180823;222;;;
;260;20180824;198;;;
;260;20180825;168;;;
;260;20180826;196;198;;
;260;20180827;193;;;
;260;20180828;213;;;
;260;20180829;197;;;
;260;20180830;199;;;
;260;20180831;180;;;
;260;20180901;208;;;
;260;20180902;225;210.8571429;;
;260;20180903;222;;;
;260;20180904;253;;;
;260;20180905;228;;;
;260;20180906;190;;;
;260;20180907;174;;;
;260;20180908;184;;;
;260;20180909;236;206.2857143;;
;260;20180910;201;;;
;260;20180911;226;;;
;260;20180912;184;;;
;260;20180913;195;;;
;260;20180914;199;;;
;260;20180915;203;;;
;260;20180916;224;220.2857143;;
;260;20180917;242;;;
;260;20180918;246;;;
;260;20180919;236;;;
;260;20180920;236;;;
;260;20180921;200;;;
;260;20180922;158;;;
;260;20180923;109;164.2857143;;
;260;20180924;154;;;
;260;20180925;164;;;
;260;20180926;190;;;
;260;20180927;215;;;
;260;20180928;163;;;
;260;20180929;155;;;
;260;20180930;175;177;;
;260;20181001;133;;;
;260;20181002;165;;;
;260;20181003;164;;;
;260;20181004;180;;;
;260;20181005;212;;;
;260;20181006;210;;;
;260;20181007;153;209.7142857;;
;260;20181008;169;;;
;260;20181009;191;;;
;260;20181010;235;;;
;260;20181011;229;;;
;260;20181012;228;;;
;260;20181013;263;;;
;260;20181014;242;199;;
;260;20181015;229;;;
;260;20181016;243;;;
;260;20181017;202;;;
;260;20181018;163;;;
;260;20181019;158;;;
;260;20181020;156;;;
;260;20181021;165;141.7142857;;
;260;20181022;150;;;
;260;20181023;147;;;
;260;20181024;163;;;
;260;20181025;136;;;
;260;20181026;118;;;
;260;20181027;113;;;
;260;20181028;78;99.71428571;;
;260;20181029;61;;;
;260;20181030;94;;;
;260;20181031;114;;;
;260;20181101;132;;;
;260;20181102;118;;;
;260;20181103;101;;;
;260;20181104;119;134.7142857;;
;260;20181105;112;;;
;260;20181106;190;;;
;260;20181107;139;;;
;260;20181108;137;;;
;260;20181109;112;;;
;260;20181110;134;;;
;260;20181111;134;115.8571429;;
;260;20181112;117;;;
;260;20181113;132;;;
;260;20181114;132;;;
;260;20181115;128;;;
;260;20181116;77;;;
;260;20181117;91;;;
;260;20181118;78;55.85714286;;
;260;20181119;69;;;
;260;20181120;44;;;
;260;20181121;53;;;
;260;20181122;43;;;
;260;20181123;69;;;
;260;20181124;35;;;
;260;20181125;47;82.57142857;;
;260;20181126;60;;;
;260;20181127;52;;;
;260;20181128;95;;;
;260;20181129;112;;;
;260;20181130;116;;;
;260;20181201;96;;;
;260;20181202;132;114;;
;260;20181203;133;;;
;260;20181204;96;;;
;260;20181205;84;;;
;260;20181206;123;;;
;260;20181207;118;;;
;260;20181208;112;;;
;260;20181209;100;51.85714286;;
;260;20181210;77;;;
;260;20181211;77;;;
;260;20181212;43;;;
;260;20181213;25;;;
;260;20181214;33;;;
;260;20181215;8;;;
;260;20181216;33;87.42857143;;
;260;20181217;84;;;
;260;20181218;79;;;
;260;20181219;98;;;
;260;20181220;87;;;
;260;20181221;123;;;
;260;20181222;108;;;
;260;20181223;89;73.14285714;;
;260;20181224;84;;;
;260;20181225;75;;;
;260;20181226;53;;;
;260;20181227;48;;;
;260;20181228;54;;;
;260;20181229;109;;;
;260;20181230;95;81.28571429;;
;260;20181231;100;;;
;260;20190101;94;;;
;260;20190102;69;;;
;260;20190103;66;;;
;260;20190104;65;;;
;260;20190105;80;;;
;260;20190106;75;80.28571429;;
;260;20190107;102;;;
;260;20190108;85;;;
;260;20190109;72;;;
;260;20190110;54;;;
;260;20190111;86;;;
;260;20190112;88;;;
;260;20190113;100;65.28571429;;
;260;20190114;84;;;
;260;20190115;84;;;
;260;20190116;77;;;
;260;20190117;47;;;
;260;20190118;46;;;
;260;20190119;19;;;
;260;20190120;29;29.85714286;;
;260;20190121;48;;;
;260;20190122;-6;;;
;260;20190123;0;;;
;260;20190124;-11;;;
;260;20190125;72;;;
;260;20190126;77;;;
;260;20190127;74;36.71428571;;
;260;20190128;63;;;
;260;20190129;42;;;
;260;20190130;24;;;
;260;20190131;9;;;
;260;20190201;21;;;
;260;20190202;24;;;
;260;20190203;67;75.42857143;;
;260;20190204;36;;;
;260;20190205;53;;;
;260;20190206;71;;;
;260;20190207;99;;;
;260;20190208;99;;;
;260;20190209;103;;;
;260;20190210;96;109.1428571;;
;260;20190211;90;;;
;260;20190212;94;;;
;260;20190213;87;;;
;260;20190214;121;;;
;260;20190215;143;;;
;260;20190216;133;;;
;260;20190217;151;124.7142857;;
;260;20190218;146;;;
;260;20190219;105;;;
;260;20190220;118;;;
;260;20190221;114;;;
;260;20190222;115;;;
;260;20190223;124;;;
;260;20190224;147;148.1428571;;
;260;20190225;183;;;
;260;20190226;189;;;
;260;20190227;183;;;
;260;20190228;122;;;
;260;20190301;90;;;
;260;20190302;123;;;
;260;20190303;129;117.4285714;;
;260;20190304;129;;;
;260;20190305;109;;;
;260;20190306;123;;;
;260;20190307;118;;;
;260;20190308;103;;;
;260;20190309;111;;;
;260;20190310;104;105;;
;260;20190311;81;;;
;260;20190312;96;;;
;260;20190313;96;;;
;260;20190314;112;;;
;260;20190315;131;;;
;260;20190316;115;;;
;260;20190317;110;121.7142857;;
;260;20190318;95;;;
;260;20190319;121;;;
;260;20190320;119;;;
;260;20190321;120;;;
;260;20190322;173;;;
;260;20190323;114;;;
;260;20190324;110;129.4285714;;
;260;20190325;97;;;
;260;20190326;102;;;
;260;20190327;131;;;
;260;20190328;112;;;
;260;20190329;171;;;
;260;20190330;183;;;
;260;20190331;125;128.8571429;;
;260;20190401;145;;;
;260;20190402;155;;;
;260;20190403;95;;;
;260;20190404;103;;;
;260;20190405;128;;;
;260;20190406;151;;;
;260;20190407;209;137.1428571;;
;260;20190408;215;;;
;260;20190409;149;;;
;260;20190410;109;;;
;260;20190411;108;;;
;260;20190412;94;;;
;260;20190413;76;;;
;260;20190414;110;188.1428571;;
;260;20190415;167;;;
;260;20190416;182;;;
;260;20190417;159;;;
;260;20190418;216;;;
;260;20190419;239;;;
;260;20190420;244;;;
;260;20190421;241;204.2857143;;
;260;20190422;248;;;
;260;20190423;207;;;
;260;20190424;249;;;
;260;20190425;175;;;
;260;20190426;174;;;
;260;20190427;136;;;
;260;20190428;139;131;;
;260;20190429;160;;;
;260;20190430;124;;;
;260;20190501;139;;;
;260;20190502;142;;;
;260;20190503;111;;;
;260;20190504;102;;;
;260;20190505;117;137.1428571;;
;260;20190506;114;;;
;260;20190507;127;;;
;260;20190508;140;;;
;260;20190509;177;;;
;260;20190510;141;;;
;260;20190511;144;;;
;260;20190512;146;168.5714286;;
;260;20190513;152;;;
;260;20190514;165;;;
;260;20190515;175;;;
;260;20190516;177;;;
;260;20190517;154;;;
;260;20190518;211;;;
;260;20190519;210;188.1428571;;
;260;20190520;160;;;
;260;20190521;132;;;
;260;20190522;191;;;
;260;20190523;216;;;
;260;20190524;219;;;
;260;20190525;189;;;
;260;20190526;206;201.4285714;;
;260;20190527;180;;;
;260;20190528;155;;;
;260;20190529;189;;;
;260;20190530;219;;;
;260;20190531;204;;;
;260;20190601;257;;;
;260;20190602;304;219;;
;260;20190603;194;;;
;260;20190604;244;;;
;260;20190605;195;;;
;260;20190606;190;;;
;260;20190607;223;;;
;260;20190608;183;;;
;260;20190609;198;202.5714286;;
;260;20190610;224;;;
;260;20190611;199;;;
;260;20190612;177;;;
;260;20190613;184;;;
;260;20190614;239;;;
;260;20190615;197;;;
;260;20190616;216;233.8571429;;
;260;20190617;255;;;
;260;20190618;272;;;
;260;20190619;260;;;
;260;20190620;203;;;
;260;20190621;203;;;
;260;20190622;228;;;
;260;20190623;285;273.4285714;;
;260;20190624;310;;;
;260;20190625;332;;;
;260;20190626;229;;;
;260;20190627;204;;;
;260;20190628;243;;;
;260;20190629;311;;;
;260;20190630;240;222.4285714;;
;260;20190701;209;;;
;260;20190702;217;;;
;260;20190703;202;;;
;260;20190704;228;;;
;260;20190705;232;;;
;260;20190706;229;;;
;260;20190707;181;197;;
;260;20190708;167;;;
;260;20190709;204;;;
;260;20190710;187;;;
;260;20190711;238;;;
;260;20190712;205;;;
;260;20190713;197;;;
;260;20190714;193;217.5714286;;
;260;20190715;185;;;
;260;20190716;191;;;
;260;20190717;248;;;
;260;20190718;227;;;
;260;20190719;243;;;
;260;20190720;236;;;
;260;20190721;226;315.4285714;;
;260;20190722;264;;;
;260;20190723;319;;;
;260;20190724;364;;;
;260;20190725;375;;;
;260;20190726;372;;;
;260;20190727;288;;;
;260;20190728;242;233.7142857;;
;260;20190729;251;;;
;260;20190730;278;;;
;260;20190731;211;;;
;260;20190801;226;;;
;260;20190802;214;;;
;260;20190803;214;;;
;260;20190804;250;239.2857143;;
;260;20190805;244;;;
;260;20190806;236;;;
;260;20190807;230;;;
;260;20190808;236;;;
;260;20190809;242;;;
;260;20190810;237;;;
;260;20190811;216;206.1428571;;
;260;20190812;217;;;
;260;20190813;184;;;
;260;20190814;211;;;
;260;20190815;208;;;
;260;20190816;215;;;
;260;20190817;192;;;
;260;20190818;199;233.4285714;;
;260;20190819;210;;;
;260;20190820;205;;;
;260;20190821;225;;;
;260;20190822;239;;;
;260;20190823;259;;;
;260;20190824;297;;;
;260;20190825;313;281.1428571;;
;260;20190826;310;;;
;260;20190827;328;;;
;260;20190828;276;;;
;260;20190829;226;;;
;260;20190830;234;;;
;260;20190831;281;;;
;260;20190901;206;190.2857143;;
;260;20190902;208;;;
;260;20190903;202;;;
;260;20190904;178;;;
;260;20190905;174;;;
;260;20190906;185;;;
;260;20190907;179;;;
;260;20190908;182;195.5714286;;
;260;20190909;180;;;
;260;20190910;193;;;
;260;20190911;175;;;
;260;20190912;219;;;
;260;20190913;210;;;
;260;20190914;210;;;
;260;20190915;226;192;;
;260;20190916;162;;;
;260;20190917;179;;;
;260;20190918;176;;;
;260;20190919;176;;;
;260;20190920;188;;;
;260;20190921;237;;;
;260;20190922;265;192.4285714;;
;260;20190923;195;;;
;260;20190924;174;;;
;260;20190925;171;;;
;260;20190926;183;;;
;260;20190927;184;;;
;260;20190928;175;;;
;260;20190929;169;157.1428571;;
;260;20190930;175;;;
;260;20191001;183;;;
;260;20191002;141;;;
;260;20191003;147;;;
;260;20191004;145;;;
;260;20191005;140;;;
;260;20191006;96;142.7142857;;
;260;20191007;122;;;
;260;20191008;152;;;
;260;20191009;136;;;
;260;20191010;156;;;
;260;20191011;169;;;
;260;20191012;168;;;
;260;20191013;220;166.8571429;;
;260;20191014;182;;;
;260;20191015;170;;;
;260;20191016;144;;;
;260;20191017;162;;;
;260;20191018;145;;;
;260;20191019;145;;;
;260;20191020;138;164.4285714;;
;260;20191021;148;;;
;260;20191022;158;;;
;260;20191023;158;;;
;260;20191024;196;;;
;260;20191025;154;;;
;260;20191026;199;;;
;260;20191027;133;124.2857143;;
;260;20191028;130;;;
;260;20191029;121;;;
;260;20191030;104;;;
;260;20191031;101;;;
;260;20191101;134;;;
;260;20191102;147;;;
;260;20191103;125;110.4285714;;
;260;20191104;125;;;
;260;20191105;109;;;
;260;20191106;114;;;
;260;20191107;96;;;
;260;20191108;97;;;
;260;20191109;107;;;
;260;20191110;94;74.57142857;;
;260;20191111;79;;;
;260;20191112;73;;;
;260;20191113;80;;;
;260;20191114;78;;;
;260;20191115;56;;;
;260;20191116;62;;;
;260;20191117;81;78.71428571;;
;260;20191118;83;;;
;260;20191119;77;;;
;260;20191120;66;;;
;260;20191121;55;;;
;260;20191122;107;;;
;260;20191123;82;;;
;260;20191124;99;103.7142857;;
;260;20191125;106;;;
;260;20191126;115;;;
;260;20191127;119;;;
;260;20191128;107;;;
;260;20191129;88;;;
;260;20191130;92;;;
;260;20191201;40;75.28571429;;
;260;20191202;95;;;
;260;20191203;82;;;
;260;20191204;69;;;
;260;20191205;43;;;
;260;20191206;97;;;
;260;20191207;101;;;
;260;20191208;109;79.71428571;;
;260;20191209;85;;;
;260;20191210;76;;;
;260;20191211;78;;;
;260;20191212;58;;;
;260;20191213;71;;;
;260;20191214;81;;;
;260;20191215;88;107.5714286;;
;260;20191216;86;;;
;260;20191217;147;;;
;260;20191218;87;;;
;260;20191219;135;;;
;260;20191220;125;;;
;260;20191221;85;;;
;260;20191222;91;77.57142857;;
;260;20191223;92;;;
;260;20191224;104;;;
;260;20191225;94;;;
;260;20191226;69;;;
;260;20191227;63;;;
;260;20191228;30;;;
;260;20191229;34;67.57142857;;
;260;20191230;79;;;
;260;20191231;88;;;
;260;20200101;18;;;
;260;20200102;74;;;
;260;20200103;99;;;
;260;20200104;81;;;
;260;20200105;76;92.71428571;;
;260;20200106;70;;;
;260;20200107;83;;;
;260;20200108;117;;;
;260;20200109;130;;;
;260;20200110;99;;;
;260;20200111;74;;;
;260;20200112;101;105.5714286;;
;260;20200113;107;;;
;260;20200114;129;;;
;260;20200115;121;;;
;260;20200116;102;;;
;260;20200117;102;;;
;260;20200118;77;;;
;260;20200119;82;52;;
;260;20200120;70;;;
;260;20200121;21;;;
;260;20200122;62;;;
;260;20200123;68;;;
;260;20200124;35;;;
;260;20200125;26;;;
;260;20200126;93;98.71428571;;
;260;20200127;94;;;
;260;20200128;72;;;
;260;20200129;73;;;
;260;20200130;114;;;
;260;20200131;125;;;
;260;20200201;120;;;
;260;20200202;115;93.57142857;;
;260;20200203;110;;;
;260;20200204;73;;;
;260;20200205;84;;;
;260;20200206;96;;;
;260;20200207;78;;;
;260;20200208;99;;;
;260;20200209;125;98.57142857;;
;260;20200210;106;;;
;260;20200211;73;;;
;260;20200212;77;;;
;260;20200213;87;;;
;260;20200214;87;;;
;260;20200215;135;;;
;260;20200216;167;108;;
;260;20200217;101;;;
;260;20200218;96;;;
;260;20200219;82;;;
;260;20200220;104;;;
;260;20200221;89;;;
;260;20200222;117;;;
;260;20200223;129;93.57142857;;
;260;20200224;108;;;
;260;20200225;103;;;
;260;20200226;66;;;
;260;20200227;39;;;
;260;20200228;84;;;
;260;20200229;126;;;
;260;20200301;92;88.85714286;;
;260;20200302;78;;;
;260;20200303;88;;;
;260;20200304;105;;;
;260;20200305;68;;;
;260;20200306;85;;;
;260;20200307;106;;;
;260;20200308;102;111.4285714;;
;260;20200309;106;;;
;260;20200310;119;;;
;260;20200311;135;;;
;260;20200312;110;;;
;260;20200313;90;;;
;260;20200314;118;;;
;260;20200315;112;113.4285714;;
;260;20200316;130;;;
;260;20200317;133;;;
;260;20200318;137;;;
;260;20200319;99;;;
;260;20200320;91;;;
;260;20200321;92;;;
;260;20200322;97;117.1428571;;
;260;20200323;101;;;
;260;20200324;105;;;
;260;20200325;127;;;
;260;20200326;118;;;
;260;20200327;153;;;
;260;20200328;119;;;
;260;20200329;74;103.5714286;;
;260;20200330;97;;;
;260;20200331;92;;;
;260;20200401;100;;;
;260;20200402;113;;;
;260;20200403;103;;;
;260;20200404;146;;;
;260;20200405;196;209.8571429;;
;260;20200406;230;;;
;260;20200407;193;;;
;260;20200408;245;;;
;260;20200409;205;;;
;260;20200410;185;;;
;260;20200411;215;;;
;260;20200412;230;166.2857143;;
;260;20200413;111;;;
;260;20200414;102;;;
;260;20200415;170;;;
;260;20200416;221;;;
;260;20200417;170;;;
;260;20200418;160;;;
;260;20200419;179;189;;
;260;20200420;183;;;
;260;20200421;189;;;
;260;20200422;215;;;
;260;20200423;232;;;
;260;20200424;182;;;
;260;20200425;143;;;
;260;20200426;167;154.8571429;;
;260;20200427;207;;;
;260;20200428;113;;;
;260;20200429;155;;;
;260;20200430;161;;;
;260;20200501;142;;;
;260;20200502;139;;;
;260;20200503;169;188.5714286;;
;260;20200504;152;;;
;260;20200505;148;;;
;260;20200506;168;;;
;260;20200507;207;;;
;260;20200508;229;;;
;260;20200509;247;;;
;260;20200510;225;147.7142857;;
;260;20200511;122;;;
;260;20200512;128;;;
;260;20200513;120;;;
;260;20200514;128;;;
;260;20200515;151;;;
;260;20200516;160;;;
;260;20200517;187;219.1428571;;
;260;20200518;212;;;
;260;20200519;217;;;
;260;20200520;221;;;
;260;20200521;267;;;
;260;20200522;242;;;
;260;20200523;188;;;
;260;20200524;150;208.4285714;;
;260;20200525;208;;;
;260;20200526;237;;;
;260;20200527;205;;;
;260;20200528;197;;;
;260;20200529;225;;;
;260;20200530;237;;;
;260;20200531;222;207.1428571;;
;260;20200601;254;;;
;260;20200602;275;;;
;260;20200603;228;;;
;260;20200604;170;;;
;260;20200605;143;;;
;260;20200606;158;;;
;260;20200607;160;203.2857143;;
;260;20200608;189;;;
;260;20200609;170;;;
;260;20200610;180;;;
;260;20200611;201;;;
;260;20200612;261;;;
;260;20200613;262;;;
;260;20200614;230;226;;
;260;20200615;237;;;
;260;20200616;208;;;
;260;20200617;242;;;
;260;20200618;220;;;
;260;20200619;224;;;
;260;20200620;221;;;
;260;20200621;245;267.5714286;;
;260;20200622;224;;;
;260;20200623;267;;;
;260;20200624;294;;;
;260;20200625;294;;;
;260;20200626;301;;;
;260;20200627;248;;;
;260;20200628;214;202.5714286;;
;260;20200629;190;;;
;260;20200630;194;;;
;260;20200701;211;;;
;260;20200702;212;;;
;260;20200703;216;;;
;260;20200704;181;;;
;260;20200705;213;188;;
;260;20200706;183;;;
;260;20200707;192;;;
;260;20200708;169;;;
;260;20200709;177;;;
;260;20200710;185;;;
;260;20200711;197;;;
;260;20200712;209;215.4285714;;
;260;20200713;235;;;
;260;20200714;176;;;
;260;20200715;206;;;
;260;20200716;197;;;
;260;20200717;227;;;
;260;20200718;258;;;
;260;20200719;244;222;;
;260;20200720;202;;;
;260;20200721;205;;;
;260;20200722;211;;;
;260;20200723;246;;;
;260;20200724;223;;;
;260;20200725;223;;;
;260;20200726;224;242;;
;260;20200727;239;;;
;260;20200728;206;;;
;260;20200729;202;;;
;260;20200730;251;;;
;260;20200731;320;;;
;260;20200801;252;;;
;260;20200802;216;275.4285714;;
;260;20200803;212;;;
;260;20200804;221;;;
;260;20200805;283;;;
;260;20200806;310;;;
;260;20200807;340;;;
;260;20200808;346;;;
;260;20200809;326;315.5714286;;
;260;20200810;327;;;
;260;20200811;345;;;
;260;20200812;323;;;
;260;20200813;317;;;
;260;20200814;286;;;
;260;20200815;285;;;
;260;20200816;304;265.5714286;;
;260;20200817;254;;;
;260;20200818;240;;;
;260;20200819;272;;;
;260;20200820;280;;;
;260;20200821;285;;;
;260;20200822;224;;;
;260;20200823;213;201.7142857;;
;260;20200824;207;;;
;260;20200825;212;;;
;260;20200826;184;;;
;260;20200827;198;;;
;260;20200828;210;;;
;260;20200829;188;;;
;260;20200830;186;195.2857143;;
;260;20200831;183;;;
;260;20200901;176;;;
;260;20200902;217;;;
;260;20200903;207;;;
;260;20200904;210;;;
;260;20200905;188;;;
;260;20200906;193;198.7142857;;
;260;20200907;210;;;
;260;20200908;190;;;
;260;20200909;209;;;
;260;20200910;198;;;
;260;20200911;200;;;
;260;20200912;191;;;
;260;20200913;225;242.1428571;;
;260;20200914;285;;;
;260;20200915;314;;;
;260;20200916;235;;;
;260;20200917;190;;;
;260;20200918;213;;;
;260;20200919;233;;;
;260;20200920;228;201;;
;260;20200921;253;;;
;260;20200922;236;;;
;260;20200923;218;;;
;260;20200924;175;;;
;260;20200925;135;;;
;260;20200926;162;;;
;260;20200927;163;162.8571429;;
;260;20200928;137;;;
;260;20200929;193;;;
;260;20200930;184;;;
;260;20201001;156;;;
;260;20201002;160;;;
;260;20201003;147;;;
;260;20201004;148;147.2857143;;
;260;20201005;144;;;
;260;20201006;148;;;
;260;20201007;150;;;
;260;20201008;159;;;
;260;20201009;153;;;
;260;20201010;129;;;
;260;20201011;137;127.8571429;;
;260;20201012;145;;;
;260;20201013;128;;;
;260;20201014;123;;;
;260;20201015;115;;;
;260;20201016;122;;;
;260;20201017;125;;;
;260;20201018;134;156.4285714;;
;260;20201019;132;;;
;260;20201020;144;;;
;260;20201021;203;;;
;260;20201022;161;;;
;260;20201023;159;;;
;260;20201024;162;;;
;260;20201025;159;140.7142857;;
;260;20201026;127;;;
;260;20201027;120;;;
;260;20201028;130;;;
;260;20201029;137;;;
;260;20201030;157;;;
;260;20201031;155;;;
;260;20201101;176;143.4285714;;
;260;20201102;193;;;
;260;20201103;129;;;
;260;20201104;128;;;
;260;20201105;128;;;
;260;20201106;124;;;
;260;20201107;126;;;
;260;20201108;132;143.2857143;;
;260;20201109;169;;;
;260;20201110;164;;;
;260;20201111;130;;;
;260;20201112;132;;;
;260;20201113;129;;;
;260;20201114;147;;;
;260;20201115;156;123;;
;260;20201116;123;;;
;260;20201117;129;;;
;260;20201118;149;;;
;260;20201119;117;;;
;260;20201120;85;;;
;260;20201121;102;;;
;260;20201122;116;92.14285714;;
;260;20201123;106;;;
;260;20201124;102;;;
;260;20201125;92;;;
;260;20201126;98;;;
;260;20201127;75;;;
;260;20201128;56;;;
;260;20201129;37;68.71428571;;
;260;20201130;84;;;
;260;20201201;98;;;
;260;20201202;64;;;
;260;20201203;62;;;
;260;20201204;80;;;
;260;20201205;56;;;
;260;20201206;42;48.28571429;;
;260;20201207;55;;;
;260;20201208;48;;;
;260;20201209;31;;;
;260;20201210;29;;;
;260;20201211;44;;;
;260;20201212;89;;;
;260;20201213;79;103.4285714;;
;260;20201214;116;;;
;260;20201215;104;;;
;260;20201216;97;;;
;260;20201217;103;;;
;260;20201218;110;;;
;260;20201219;115;;;
;260;20201220;99;100;;
;260;20201221;131;;;
;260;20201222;131;;;
;260;20201223;123;;;
;260;20201224;91;;;
;260;20201225;66;;;
;260;20201226;59;;;
;260;20201227;59;54.42857143;;
;260;20201228;54;;;
;260;20201229;58;;;
;260;20201230;68;;;
;260;20201231;40;;;
;260;20210101;57;;;
;260;20210102;45;;;
;260;20210103;40;;;
;260;20210104;36;;;
;260;20210105;36;;;
;260;20210106;32;;;
;260;20210107;41;;;
;260;20210108;44;;;
;260;20210109;65;;;
;260;20210110;52;;;
;260;20210111;70;;;
;260;20210112;83;;;
;260;20210113;62;;;
;260;20210114;36;;;
;260;20210115;24;;;
;260;20210116;20;;;
;260;20210117;79;;;
;260;20210118;66;;;
;260;20210119;105;;;
;260;20210120;109;;;
;260;20210121;120;;;
;260;20210122;66;;;
;260;20210123;52;;;
;260;20210124;53;;;
;260;20210125;60;;;
;260;20210126;70;;;
;260;20210127;71;;;
;260;20210128;67;;;
;260;20210129;101;;;
;260;20210130;22;;;
;260;20210131;24;;;
;260;20210201;22;;;
;260;20210202;99;;;
;260;20210203;100;;;
;260;20210204;84;;;
;260;20210205;92;;;
;260;20210206;66;;;
;260;20210207;-15;;;
;260;20210208;-48;;;
;260;20210209;-10;;;
;260;20210210;-6;;;
;260;20210211;-1;;;
;260;20210212;-29;;;
;260;20210213;-6;;;
;260;20210214;30;;;
;260;20210215;49;;;
;260;20210216;110;;;
;260;20210217;115;;;
;260;20210218;114;;;
;260;20210219;105;;;
;260;20210220;159;;;
;260;20210221;169;;;
;260;20210222;162;;;
;260;20210223;178;;;
;260;20210224;187;;;
;260;20210225;165;;;
;260;20210226;106;;;
;260;20210227;98;;;
;260;20210228;106;;;
;260;20210301;110;;;
;260;20210302;145;;;
;260;20210303;99;;;
;260;20210304;58;;;
;260;20210305;66;;;
;260;20210306;70;;;
;260;20210307;56;;;
;260;20210308;88;;;
;260;20210309;70;;;
;260;20210310;98;;;
;260;20210311;120;;;
;260;20210312;85;;;
;260;20210313;89;;;
;260;20210314;88;;;
;260;20210315;86;;;
;260;20210316;76;;;
;260;20210317;80;;;
;260;20210318;86;;;
;260;20210319;95;;;
;260;20210320;88;;;
;260;20210321;74;;;
;260;20210322;83;;;
;260;20210323;102;;;
;260;20210324;144;;;
;260;20210325;131;;;
;260;20210326;140;;;
;260;20210327;94;;;
;260;20210328;129;;;
;260;20210329;188;;;
;260;20210330;213;;;
;260;20210331;238;;;
;260;20210401;132;;;
;260;20210402;76;;;
;260;20210403;108;;;
;260;20210404;96;;;
;260;20210405;85;;;
;260;20210406;57;;;
;260;20210407;72;;;
;260;20210408;92;;;
;260;20210409;124;;;
;260;20210410;76;;;
;260;20210411;79;;;
;260;20210412;83;;;
;260;20210413;96;;;
;260;20210414;96;;;
;260;20210415;97;;;
;260;20210416;125;;;
;260;20210417;121;;;
;260;20210418;156;;;
;260;20210419;146;;;
;260;20210420;175;;;
;260;20210421;127;;;
;260;20210422;118;;;
;260;20210423;135;;;
;260;20210424;135;;;
;260;20210425;109;;;
;260;20210426;125;;;
;260;20210427;157;;;
;260;20210428;178;;;
;260;20210429;92;;;
;260;20210430;103;;;
;260;20210501;127;;;
;260;20210502;110;;;
;260;20210503;139;;;
;260;20210504;109;;;
;260;20210505;108;;;
;260;20210506;104;;;
;260;20210507;118;;;
;260;20210508;164;;;
;260;20210509;249;;;
;260;20210510;194;;;
;260;20210511;171;;;
;260;20210512;176;;;
;260;20210513;191;;;
;260;20210514;159;;;
;260;20210515;136;;;
;260;20210516;149;;;
;260;20210517;148;;;
;260;20210518;164;;;
;260;20210519;144;;;
;260;20210520;158;;;
;260;20210521;167;;;
;260;20210522;125;;;
;260;20210523;149;;;
;260;20210524;148;;;
;260;20210525;142;;;
;260;20210526;140;;;
;260;20210527;135;;;
;260;20210528;191;;;
;260;20210529;172;;;
;260;20210530;214;;;
;260;20210531;230;;;
;260;20210601;252;;;
;260;20210602;273;;;
;260;20210603;253;;;
;260;20210604;257;;;
;260;20210605;186;;;
;260;20210606;214;;;
;260;20210607;224;;;
;260;20210608;255;;;
;260;20210609;256;;;
;260;20210610;268;;;
;260;20210611;240;;;
;260;20210612;206;;;
;260;20210613;236;;;
;260;20210614;274;;;
;260;20210615;231;;;
;260;20210616;289;;;
;260;20210617;308;;;
;260;20210618;295;;;
;260;20210619;203;;;
;260;20210620;225;;;
;260;20210621;162;;;
;260;20210622;179;;;
;260;20210623;172;;;
;260;20210624;191;;;
;260;20210625;187;;;
;260;20210626;249;;;
;260;20210627;270;;;
;260;20210628;244;;;
;260;20210629;207;;;
;260;20210630;161;;;
;260;20210701;170;;;
;260;20210702;219;;;
;260;20210703;234;;;
;260;20210704;230;;;
;260;20210705;191;;;
;260;20210706;209;;;
;260;20210707;218;;;
;260;20210708;230;;;
;260;20210709;238;;;
;260;20210710;228;;;
;260;20210711;234;;;
;260;20210712;252;;;
;260;20210713;206;;;
;260;20210714;210;;;
;260;20210715;186;;;
;260;20210716;217;;;
;260;20210717;247;;;
;260;20210718;266;;;
;260;20210719;228;;;
;260;20210720;239;;;
;260;20210721;259;;;
;260;20210722;229;;;
;260;20210723;212;;;
;260;20210724;223;;;
;260;20210725;258;;;
;260;20210726;228;;;
;260;20210727;221;;;
;260;20210728;207;;;
;260;20210729;215;;;
;260;20210730;214;;;
;260;20210731;200;;;
;260;20210801;193;;;
;260;20210802;196;;;
;260;20210803;186;;;
;260;20210804;214;;;
;260;20210805;233;;;
;260;20210806;219;;;
;260;20210807;223;;;
;260;20210808;198;;;
;260;20210809;205;;;
;260;20210810;222;;;
;260;20210811;236;;;
;260;20210812;252;;;
;260;20210813;214;;;
;260;20210814;229;;;
;260;20210815;247;;;
;260;20210816;179;;;
;260;20210817;168;;;
;260;20210818;200;;;
;260;20210819;182;;;
;260;20210820;225;;;
;260;20210821;233;;;
;260;20210822;202;;;
;260;20210823;220;;;
;260;20210824;217;;;
;260;20210825;213;;;
;260;20210826;196;;;
;260;20210827;194;;;
;260;20210828;202;;;
;260;20210829;172;;;
;260;20210830;213;;;
;260;20210831;198;;;
;260;20210901;186;;;
;260;20210902;212;;;
;260;20210903;227;;;
;260;20210904;211;;;
;260;20210905;234;;;
;260;20210906;243;;;
;260;20210907;260;;;
;260;20210908;269;;;
;260;20210909;264;;;
;260;20210910;234;;;
;260;20210911;208;;;
;260;20210912;215;;;
;260;20210913;188;;;
;260;20210914;224;;;
;260;20210915;200;;;
;260;20210916;203;;;
;260;20210917;211;;;
;260;20210918;223;;;
;260;20210919;207;;;
;260;20210920;173;;;
;260;20210921;194;;;
;260;20210922;209;;;
;260;20210923;194;;;
;260;20210924;216;;;
;260;20210925;219;;;
;260;20210926;237;;;
;260;20210927;208;;;
;260;20210928;192;;;
;260;20210929;154;;;
;260;20210930;141;;;
;260;20211001;160;;;
;260;20211002;168;;;
;260;20211003;166;;;
;260;20211004;177;;;
;260;20211005;165;;;
;260;20211006;163;;;
;260;20211007;156;;;
;260;20211008;179;;;
;260;20211009;164;;;
;260;20211010;164;;;
;260;20211011;160;;;
;260;20211012;142;;;
;260;20211013;141;;;
;260;20211014;162;;;
;260;20211015;148;;;
;260;20211016;138;;;
;260;20211017;143;;;
;260;20211018;145;;;
;260;20211019;194;;;
;260;20211020;180;;;
;260;20211021;146;;;
;260;20211022;128;;;
;260;20211023;121;;;
;260;20211024;133;;;
;260;20211025;130;;;
;260;20211026;147;;;
;260;20211027;167;;;
;260;20211028;164;;;
;260;20211029;178;;;
;260;20211030;141;;;
;260;20211031;153;;;
;260;20211101;130;;;
;260;20211102;98;;;
;260;20211103;93;;;
;260;20211104;116;;;
;260;20211105;126;;;
;260;20211106;115;;;
;260;20211107;123;;;
;260;20211108;124;;;
;260;20211109;113;;;
;260;20211110;104;;;
;260;20211111;109;;;
;260;20211112;95;;;
;260;20211113;133;;;
;260;20211114;105;;;
;260;20211115;88;;;
;260;20211116;59;;;
;260;20211117;121;;;
;260;20211118;118;;;
;260;20211119;142;;;
;260;20211120;110;;;
;260;20211121;110;;;
;260;20211122;92;;;
;260;20211123;111;;;
;260;20211124;75;;;
;260;20211125;92;;;
;260;20211126;56;;;
;260;20211127;38;;;
;260;20211128;42;;;
;260;20211129;75;;;
;260;20211130;104;;;
;260;20211201;106;;;
;260;20211202;52;;;
;260;20211203;47;;;
;260;20211204;57;;;
;260;20211205;54;;;
;260;20211206;39;;;
;260;20211207;60;;;
;260;20211208;70;;;
;260;20211209;54;;;
;260;20211210;48;;;
;260;20211211;86;;;
;260;20211212;111;;;
;260;20211213;106;;;
;260;20211214;101;;;
;260;20211215;110;;;
;260;20211216;118;;;
;260;20211217;86;;;
;260;20211218;79;;;
;260;20211219;73;;;
;260;20211220;73;;;
;260;20211221;47;;;
;260;20211222;0;;;
;260;20211223;77;;;
;260;20211224;100;;;
;260;20211225;40;;;
;260;20211226;24;;;
;260;20211227;90;;;
;260;20211228;107;;;
;260;20211229;121;;;
;260;20211230;139;;;
;260;20211231;144;;;
;260;20220101;132;;;
;260;20220102;130;;;
;260;20220103;110;;;
;260;20220104;89;;;
;260;20220105;76;;;
;260;20220106;65;;;
;260;20220107;67;;;
;260;20220108;62;;;
;260;20220109;77;;;
;260;20220110;69;;;
;260;20220111;52;;;
;260;20220112;50;;;
;260;20220113;53;;;
;260;20220114;60;;;
;260;20220115;43;;;
;260;20220116;73;;;
;260;20220117;91;;;
;260;20220118;64;;;
;260;20220119;71;;;
;260;20220120;61;;;
;260;20220121;70;;;
;260;20220122;76;;;
;260;20220123;73;;;
;260;20220124;57;;;
;260;20220125;38;;;
;260;20220126;60;;;
;260;20220127;96;;;
;260;20220128;90;;;
;260;20220129;117;;;
;260;20220130;84;;;
;260;20220131;71;;;
;260;20220201;99;;;
;260;20220202;107;;;
;260;20220203;85;;;
;260;20220204;91;;;
;260;20220205;81;;;
;260;20220206;94;;;
;260;20220207;83;;;
;260;20220208;125;;;
;260;20220209;100;;;
;260;20220210;85;;;
;260;20220211;77;;;
;260;20220212;73;;;
;260;20220213;103;;;
;260;20220214;114;;;
;260;20220215;92;;;
;260;20220216;132;;;
;260;20220217;124;;;
;260;20220218;123;;;
;260;20220219;84;;;
;260;20220220;107;;;
;260;20220221;82;;;
;260;20220222;105;;;
;260;20220223;113;;;
;260;20220224;101;;;
;260;20220225;86;;;
;260;20220226;87;;;
;260;20220227;92;;;
;260;20220228;95;;;
;260;20220301;83;;;
;260;20220302;117;;;
;260;20220303;117;;;
;260;20220304;110;;;
;260;20220305;87;;;
;260;20220306;64;;;
;260;20220307;77;;;
;260;20220308;101;;;
;260;20220309;132;;;
;260;20220310;153;;;
;260;20220311;144;;;
;260;20220312;151;;;
;260;20220313;165;;;
;260;20220314;135;;;
;260;20220315;141;;;
;260;20220316;132;;;
;260;20220317;118;;;
;260;20220318;153;;;
;260;20220319;141;;;
;260;20220320;87;;;
;260;20220321;163;;;
;260;20220322;196;;;
;260;20220323;193;;;
;260;20220324;183;;;
;260;20220325;167;;;
;260;20220326;174;;;
;260;20220327;164;;;
;260;20220328;143;;;
;260;20220329;140;;;
;260;20220330;106;;;
;260;20220331;45;;;
;260;20220401;47;;;
;260;20220402;63;;;
;260;20220403;85;;;
;260;20220404;107;;;
;260;20220405;119;;;
;260;20220406;107;;;
;260;20220407;113;;;
;260;20220408;88;;;
;260;20220409;96;;;
;260;20220410;119;;;
;260;20220411;150;;;
;260;20220412;206;;;
;260;20220413;166;;;
;260;20220414;187;;;
;260;20220415;126;;;
;260;20220416;165;;;
;260;20220417;176;;;
;260;20220418;193;;;
;260;20220419;191;;;
;260;20220420;177;;;
;260;20220421;181;;;
;260;20220422;178;;;
;260;20220423;187;;;
;260;20220424;175;;;
;260;20220425;105;;;
;260;20220426;138;;;
;260;20220427;136;;;
;260;20220428;152;;;
;260;20220429;131;;;
;260;20220430;125;;;
;260;20220501;156;;;
;260;20220502;177;;;
;260;20220503;159;;;
;260;20220504;161;;;
;260;20220505;194;;;
;260;20220506;210;;;
;260;20220507;206;;;
;260;20220508;170;;;
;260;20220509;227;;;
;260;20220510;238;;;
;260;20220511;211;;;
;260;20220512;194;;;
;260;20220513;183;;;
;260;20220514;217;;;
;260;20220515;250;;;
;260;20220516;245;;;
;260;20220517;252;;;
;260;20220518;247;;;
;260;20220519;230;;;
;260;20220520;201;;;
;260;20220521;176;;;
;260;20220522;214;;;
;260;20220523;219;;;
;260;20220524;175;;;
;260;20220525;178;;;
;260;20220526;190;;;
;260;20220527;159;;;
;260;20220528;162;;;
;260;20220529;142;;;
;260;20220530;147;;;
;260;20220531;182;;;
;260;20220601;165;;;
;260;20220602;196;;;
;260;20220603;237;;;
;260;20220604;227;;;
;260;20220605;214;;;
;260;20220606;181;;;
;260;20220607;196;;;
;260;20220608;188;;;
;260;20220609;202;;;
;260;20220610;221;;;
;260;20220611;219;;;
;260;20220612;210;;;
;260;20220613;182;;;
;260;20220614;211;;;
;260;20220615;239;;;
;260;20220616;244;;;
;260;20220617;289;;;
;260;20220618;270;;;
;260;20220619;176;;;
;260;20220620;191;;;
;260;20220621;222;;;
;260;20220622;252;;;
;260;20220623;298;;;
;260;20220624;234;;;
;260;20220625;230;;;
;260;20220626;208;;;
;260;20220627;199;;;
;260;20220628;230;;;
;260;20220629;269;;;
;260;20220630;236;;;
;260;20220701;205;;;
;260;20220702;239;;;
;260;20220703;211;;;
;260;20220704;221;;;
;260;20220705;207;;;
;260;20220706;217;;;
;260;20220707;189;;;
;260;20220708;235;;;
;260;20220709;217;;;
;260;20220710;211;;;
;260;20220711;234;;;
;260;20220712;268;;;
;260;20220713;272;;;
;260;20220714;225;;;
;260;20220715;220;;;
;260;20220716;216;;;
;260;20220717;260;;;
;260;20220718;322;;;
;260;20220719;355;;;
;260;20220720;277;;;
;260;20220721;198;;;
;260;20220722;207;;;
;260;20220723;251;;;
;260;20220724;294;;;
;260;20220725;245;;;
;260;20220726;202;;;
;260;20220727;209;;;
;260;20220728;223;;;
;260;20220729;245;;;
;260;20220730;244;;;
;260;20220731;220;;;
;260;20220801;228;;;
;260;20220802;277;;;
;260;20220803;295;;;
;260;20220804;264;;;
;260;20220805;216;;;
;260;20220806;227;;;
;260;20220807;231;;;
;260;20220808;234;;;
;260;20220809;257;;;
;260;20220810;300;;;
;260;20220811;316;;;
;260;20220812;323;;;
;260;20220813;310;;;
;260;20220814;322;;;
;260;20220815;262;;;
;260;20220816;274;;;
;260;20220817;212;;;
;260;20220818;243;;;
;260;20220819;242;;;
;260;20220820;239;;;
;260;20220821;245;;;
;260;20220822;258;;;
;260;20220823;285;;;
;260;20220824;302;;;
;260;20220825;326;;;
;260;20220826;209;;;
;260;20220827;223;;;
;260;20220828;220;;;
;260;20220829;225;;;
;260;20220830;235;;;
;260;20220831;238;;;
;260;20220901;247;;;
;260;20220902;260;;;
;260;20220903;268;;;
;260;20220904;269;;;
;260;20220905;297;;;
;260;20220906;272;;;
;260;20220907;244;;;
;260;20220908;223;;;
;260;20220909;182;;;
;260;20220910;212;;;
;260;20220911;226;;;
;260;20220912;244;;;
;260;20220913;227;;;
;260;20220914;203;;;
;260;20220915;197;;;
;260;20220916;162;;;
;260;20220917;169;;;
;260;20220918;133;;;
;260;20220919;166;;;
;260;20220920;166;;;
;260;20220921;180;;;
;260;20220922;190;;;
;260;20220923;180;;;
;260;20220924;146;;;
;260;20220925;174;;;
;260;20220926;135;;;
;260;20220927;112;;;
;260;20220928;149;;;
;260;20220929;158;;;
;260;20220930;172;;;
;260;20221001;180;;;
;260;20221002;183;;;
;260;20221003;174;;;
;260;20221004;184;;;
;260;20221005;183;;;
;260;20221006;174;;;
;260;20221007;171;;;
;260;20221008;161;;;
;260;20221009;165;;;
;260;20221010;157;;;
;260;20221011;167;;;
;260;20221012;155;;;
;260;20221013;149;;;
;260;20221014;161;;;
;260;20221015;164;;;
;260;20221016;178;;;
;260;20221017;178;;;
;260;20221018;182;;;
;260;20221019;146;;;
;260;20221020;156;;;
;260;20221021;197;;;
;260;20221022;182;;;
;260;20221023;186;;;
;260;20221024;167;;;
;260;20221025;172;;;
;260;20221026;194;;;
;260;20221027;194;;;
;260;20221028;205;;;
;260;20221029;211;;;
;260;20221030;202;;;
;260;20221031;162;;;
;260;20221101;169;;;
;260;20221102;147;;;
;260;20221103;162;;;
;260;20221104;125;;;
;260;20221105;123;;;
;260;20221106;126;;;
;260;20221107;143;;;
;260;20221108;154;;;
;260;20221109;141;;;
;260;20221110;147;;;
;260;20221111;129;;;
;260;20221112;162;;;
;260;20221113;161;;;
;260;20221114;93;;;
;260;20221115;127;;;
;260;20221116;123;;;
;260;20221117;112;;;
;260;20221118;105;;;
;260;20221119;38;;;